eTIV,hippoL,hippoR
1507381.220678,2807.209363,2923.726974
