eTIV,hippoL,hippoR
1421866.457984,2784.634088,2865.968972
