eTIV,hippoL,hippoR
1673008.184686,3191.489086,3024.413428
