eTIV,hippoL,hippoR
1933822.381339,2158.835180,2054.897045
