eTIV,hippoL,hippoR
1917131.709712,2135.282593,2042.460008
