eTIV,hippoL,hippoR
1500634.628420,3246.860064,3251.943833
