eTIV,hippoL,hippoR
1515137.872988,3133.812160,3275.363549
