eTIV,hippoL,hippoR
1372004.051264,1326.543619,1329.844480
