eTIV,hippoL,hippoR
1284016.171262,1766.239956,2136.526528
