eTIV,hippoL,hippoR
1529515.601147,1801.784700,2553.316108
