eTIV,hippoL,hippoR
1413785.088924,0.000000,0.000000
