eTIV,hippoL,hippoR
1514305.073792,0.000000,0.000000
