eTIV,hippoL,hippoR
1449497.667771,0.000000,0.000000
