eTIV,hippoL,hippoR
6430.802769,0.000000,0.000000
