eTIV,hippoL,hippoR
4509.515981,0.000000,0.000000
