eTIV,hippoL,hippoR
1510644.936603,2006.548426,1772.413764
