eTIV,hippoL,hippoR
13938.336966,0.000000,0.000000
