eTIV,hippoL,hippoR
222.221610,0.000000,0.000000
