eTIV,hippoL,hippoR
1173742.799448,0.000000,0.000000
