eTIV,hippoL,hippoR
20333.992502,0.000000,0.000000
