eTIV,hippoL,hippoR
1270039.891294,0.000000,0.000000
