eTIV,hippoL,hippoR
1312379.626006,0.000000,0.000000
