eTIV,hippoL,hippoR
1429979.255345,2945.635047,2876.582355
