eTIV,hippoL,hippoR
186.909980,0.000000,3.482305
