eTIV,hippoL,hippoR
1443389.449776,2948.855611,2808.514180
